"variable","label","labelLong","variableType","databaseStart","variableStart","subject","section","units","notes","description","version","lastUpdated","status","reviewNotes","ICES.confirmation","Observation..MD."
"SMK_01A","Smoked 100+ cigs","Ever smoked 100 or more cigarettes in lifetime","Categorical","cchs2001_p, cchs2003_p, cchs2005_p, cchs2007_2008_p, cchs2009_2010_p, cchs2011_2012_p, cchs2013_2014_p, cchs2015_2016_p, cchs2017_2018_p, cchs2019_2020_p, cchs2021_p, cchs2001_m, cchs2003_m, cchs2005_m, cchs2007_2008_m, cchs2009_2010_m, cchs2011_2012_m, cchs2013_2014_m, cchs2015_2016_m, cchs2017_2018_m, cchs2019_2020_m, cchs2021_m, cchs2022_m, cchs2023_m","cchs2001_p::SMKA_01A, cchs2003_p::SMKC_01A, cchs2005_p::SMKE_01A, cchs2007_2008_p::SMK_01A, cchs2009_2010_p::SMK_01A, cchs2011_2012_p::SMK_01A, cchs2013_2014_p::SMK_01A, cchs2015_2016_p::SMK_020, cchs2017_2018_p::SMK_020, cchs2019_2020_p::SMK_020, cchs2021_p::SMK_020, cchs2001_m::SMKA_01A, cchs2003_m::SMKC_01A, cchs2005_m::SMKE_01A, cchs2007_2008_m::SMK_01A, cchs2009_2010_m::SMK_01A, cchs2011_2012_m::SMK_01A, cchs2013_2014_m::SMK_01A, cchs2015_2016_m::SMK_020, cchs2017_2018_m::SMK_020, cchs2019_2020_m::SMK_020, cchs2021_m::SMK_020, cchs2022_m::CSS_15, cchs2023_m::CSS_15, [SMK_01A]","Smoking","Health behaviour","N/A","Universe: Respondents who have smoked at least one whole cigarette. Available 2001-2021 PUMF, 2001-2023 Master. For 2022-2023 PUMF analyses, use SMKDSTY-based variables.","","3.0.0-alpha","2026-01-04","active","v3.0.0: Extended to 2022-2023 Master files via CSS_15. PUMF coverage ends at 2021. For PUMF-only analyses requiring 2022-2023, no direct equivalent available.","Yes",""
"SMK_202","Smoking freq","Current cigarette smoking frequency (daily, occasional, not at all)","Categorical","cchs2001_p, cchs2003_p, cchs2005_p, cchs2007_2008_p, cchs2009_2010_p, cchs2011_2012_p, cchs2013_2014_p, cchs2015_2016_p, cchs2017_2018_p, cchs2019_2020_p, cchs2021_p, cchs2022_p, cchs2023_p, cchs2001_m, cchs2003_m, cchs2005_m, cchs2007_2008_m, cchs2009_2010_m, cchs2011_2012_m, cchs2013_2014_m, cchs2015_2016_m, cchs2017_2018_m, cchs2019_2020_m, cchs2021_m, cchs2022_m, cchs2023_m","cchs2001_p::SMKA_202, cchs2003_p::SMKC_202, cchs2005_p::SMKE_202, cchs2007_2008_p::SMK_202, cchs2009_2010_p::SMK_202, cchs2011_2012_p::SMK_202, cchs2013_2014_p::SMK_202, cchs2015_2016_p::SMK_005, cchs2017_2018_p::SMK_005, cchs2019_2020_p::SMK_005, cchs2021_p::SMK_005, cchs2022_p::CSS_05, cchs2023_p::CSS_05, cchs2001_m::SMKA_202, cchs2003_m::SMKC_202, cchs2005_m::SMKE_202, cchs2007_2008_m::SMK_202, cchs2009_2010_m::SMK_202, cchs2011_2012_m::SMK_202, cchs2013_2014_m::SMK_202, cchs2015_2016_m::SMK_005, cchs2017_2018_m::SMK_005, cchs2019_2020_m::SMK_005, cchs2021_m::SMK_005, cchs2022_m::CSS_05, cchs2023_m::CSS_05, [SMK_202]","Smoking","Health behaviour","N/A","Universe: All respondents aged 12+. Full coverage 2001-2023 PUMF and Master. Maps to: SMKA_202 (2001), SMKC_202 (2003), SMKE_202 (2005), SMK_202 (2007-2014), SMK_005 (2015-2021), CSS_05 (2022-2023). {recommended:secondary}","","3.0.0-alpha","2026-01-04","active","v3.0.0: Full cycle coverage 2001-2023 for both PUMF and Master. Source variable naming changed from SMK_202 to SMK_005 in 2015 and to CSS_05 in 2022. Recommended for cross-cycle current smoking status analyses.","",""
"SMK_05D","Ever daily (occ)","Ever smoked cigarettes daily (asked of occasional smokers)","Categorical","cchs2001_p, cchs2003_p, cchs2005_p, cchs2007_2008_p, cchs2009_2010_p, cchs2011_2012_p, cchs2013_2014_p, cchs2015_2016_p, cchs2017_2018_p, cchs2019_2020_p, cchs2021_p, cchs2001_m, cchs2003_m, cchs2005_m, cchs2007_2008_m, cchs2009_2010_m, cchs2011_2012_m, cchs2013_2014_m, cchs2015_2016_m, cchs2017_2018_m, cchs2019_2020_m, cchs2021_m, cchs2022_m, cchs2023_m","cchs2001_p::SMKA_05D, cchs2003_p::SMKC_05D, cchs2005_p::SMKE_05D, cchs2007_2008_p::SMK_05D, cchs2009_2010_p::SMK_05D, cchs2011_2012_p::SMK_05D, cchs2013_2014_p::SMK_05D, cchs2015_2016_p::SMK_030, cchs2017_2018_p::SMK_030, cchs2019_2020_p::SMK_030, cchs2021_p::SMK_030, cchs2001_m::SMKA_05D, cchs2003_m::SMKC_05D, cchs2005_m::SMKE_05D, cchs2007_2008_m::SMK_05D, cchs2009_2010_m::SMK_05D, cchs2011_2012_m::SMK_05D, cchs2013_2014_m::SMK_05D, cchs2015_2016_m::SMK_030, cchs2017_2018_m::SMK_030, cchs2019_2020_m::SMK_030, cchs2021_m::SMK_030, cchs2022_m::SPU_05, cchs2023_m::SPU_05, [SMK_05D]","Smoking","Health behaviour","N/A","Universe: Occasional and non-smokers only. Available 2001-2021 PUMF, 2001-2023 Master. Maps to: SMKA_05D (2001), SMKC_05D (2003), SMKE_05D (2005), SMK_05D (2007-2014), SMK_030 (2015-2021), SPU_05 (2022-2023). For 2022-2023 PUMF analyses, use SMKDSTY-based variables.","","3.0.0-alpha","2026-01-04","active","v3.0.0: Extended to 2022-2023 Master files via SPU_05. PUMF coverage ends at 2021. Source variable naming changed from SMK_05D to SMK_030 in 2015. For PUMF-only 2022-2023 analyses, use SMKDSTY-based variables instead.","","the same variable exist but the label does not say 'occasional'"
"SMK_005","Smoking freq (2015+)","Type of smoker presently (2015+ era-specific name for SMK_202)","Categorical","cchs2015_2016_p, cchs2017_2018_p, cchs2015_2016_m, cchs2017_2018_m","[SMK_005]","Smoking","Health behaviour","N/A","BACKWARD COMPATIBILITY: Superseded by SMK_202. Era-specific pass-through (2015-2018 PUMF and Master). Users should migrate to SMK_202 for new analyses.","","3.0.0-alpha","2026-01-05","active","v3.0.0: Maintained for v2.1 backward compatibility only. SMK_005 is the 2015+ era-specific source name; SMK_202 is the harmonized output covering all cycles. Will be deprecated in future release.","",""
"SMK_030","Ever daily (2015+)","Smoked daily - lifetime (2015+ era-specific name for SMK_05D)","Categorical","cchs2015_2016_p, cchs2017_2018_p, cchs2015_2016_m, cchs2017_2018_m","[SMK_030]","Smoking","Health behaviour","N/A","BACKWARD COMPATIBILITY: Superseded by SMK_05D. Era-specific pass-through (2015-2018 PUMF and Master). Users should migrate to SMK_05D for new analyses.","","3.0.0-alpha","2026-01-05","active","v3.0.0: Maintained for v2.1 backward compatibility only. SMK_030 is the 2015+ era-specific source name; SMK_05D is the harmonized output covering all cycles. Will be deprecated in future release.","",""
"SMKDSTY","Smoking type","Type of smoker derived (6-category)","Categorical","cchs2001_p, cchs2003_p, cchs2005_p, cchs2007_2008_p, cchs2009_2010_p, cchs2011_2012_p, cchs2013_2014_p, cchs2015_2016_p, cchs2017_2018_p, cchs2019_2020_p, cchs2021_p, cchs2022_p, cchs2023_p, cchs2001_m, cchs2003_m, cchs2005_m, cchs2007_2008_m, cchs2009_2010_m, cchs2011_2012_m, cchs2013_2014_m, cchs2015_2016_m, cchs2017_2018_m, cchs2019_2020_m, cchs2021_m, cchs2022_m, cchs2023_m","cchs2001_p::SMKADSTY, cchs2003_p::SMKCDSTY, cchs2005_p::SMKEDSTY, cchs2007_2008_p::SMKDSTY, cchs2009_2010_p::SMKDSTY, cchs2011_2012_p::SMKDSTY, cchs2013_2014_p::SMKDSTY, cchs2015_2016_p::SMKDVSTY, cchs2017_2018_p::SMKDVSTY, cchs2019_2020_p::SMKDVSTY, cchs2021_p::SMKDVSTY, cchs2022_p::SMKDVSTY, cchs2023_p::SMKDVSTY, cchs2001_m::SMKADSTY, cchs2003_m::SMKCDSTY, cchs2005_m::SMKEDSTY, cchs2007_2008_m::SMKDSTY, cchs2009_2010_m::SMKDSTY, cchs2011_2012_m::SMKDSTY, cchs2013_2014_m::SMKDSTY, cchs2015_2016_m::SMKDVSTY, cchs2017_2018_m::SMKDVSTY, cchs2019_2020_m::SMKDVSTY, cchs2021_m::SMKDVSTY, cchs2022_m::SMKDVSTY, cchs2023_m::SMKDVSTY","Smoking","Health behaviour","N/A","Raw pass-through of StatCan derived variable. Full coverage 2001-2023 PUMF and Master. CAUTION: Category 5 meaning changed in 2015. Use SMKDSTY_cat3 or SMKDSTY_cat5 for comparable cross-cycle analyses.","2015 onwards for smoke status still has 6 categories, but removed 'always occasional' (Never daily current occasional smoker) and added 'experimental' (at least 1 cig, non-smoker now)","3.0.0-alpha","2026-01-04","active","v3.0.0: NEW variable. Raw pass-through of StatCan derived smoking status. Required for pack-years calculation. CAUTION: Category 5 meaning changed in 2015 (former occasional -> experimental smoker). For comparable cross-cycle analyses, use SMKDSTY_cat3 or SMKDSTY_cat5 instead.","",""
"SMKDSTY_A","Smoking (6-cat pre-2015)","Type of smoker (6-category, pre-2015 categories with derivation for 2015+)","Categorical","cchs2001_p, cchs2003_p, cchs2005_p, cchs2007_2008_p, cchs2009_2010_p, cchs2011_2012_p, cchs2013_2014_p, cchs2015_2016_p, cchs2017_2018_p, cchs2019_2020_p, cchs2021_p, cchs2022_p, cchs2023_p, cchs2001_m, cchs2003_m, cchs2005_m, cchs2007_2008_m, cchs2009_2010_m, cchs2011_2012_m, cchs2013_2014_m, cchs2015_2016_m, cchs2017_2018_m, cchs2019_2020_m, cchs2021_m, cchs2022_m, cchs2023_m","cchs2001_p::SMKADSTY, cchs2003_p::SMKCDSTY, cchs2005_p::SMKEDSTY, cchs2007_2008_p::SMKDSTY, cchs2009_2010_p::SMKDSTY, cchs2011_2012_p::SMKDSTY, cchs2013_2014_p::SMKDSTY, cchs2015_2016_p::SMKDVSTY, cchs2017_2018_p::SMKDVSTY, cchs2019_2020_p::SMKDVSTY, cchs2021_p::SMKDVSTY, cchs2022_p::SMKDVSTY, cchs2023_p::SMKDVSTY, cchs2001_m::SMKADSTY, cchs2003_m::SMKCDSTY, cchs2005_m::SMKEDSTY, cchs2007_2008_m::SMKDSTY, cchs2009_2010_m::SMKDSTY, cchs2011_2012_m::SMKDSTY, cchs2013_2014_m::SMKDSTY, [SMKDSTY], DerivedVar::[SMK_202, SMK_05D, SMK_01A]","Smoking","Health behaviour","N/A","{recommended:primary} {sub_subject:status} Full coverage 2001-2023 PUMF and Master. Derivation: 2001-2014 pass-through from SMKDSTY; 2015-2021 derived from SMK_202, SMK_05D, SMK_01A; 2022-2023 remapped from SMKDVSTY (cat 5 experimental → former occasional). Use when consistent 6-category pre-2015 definitions are needed.","2015 onwards for smoke status still has 6 categories, but removed 'always occasional' (Never daily current occasional smoker) and added 'experimental' (at least 1 cig, non-smoker now)","3.0.0-alpha","2026-01-04","active","v3.0.0: Provides consistent pre-2015 category structure across all cycles. 2001-2014: direct pass-through. 2015+: derived from SMK_202, SMK_05D, SMK_01A using calculate_smoking_status_detailed(). PUMF validated through 2018; Master validated through 2023.","Yes","SMKDSTY_fun is used to harmonize this var until 2023. SMKDSTY_fun can be applied to 2022 and 2023 cycles because SMK_005 was extended until 2023."
"SMKDSTY_B","Smoking (6-cat 2015+)","Type of smoker (6-category, 2015+ categories, SMKDVSTY pass-through)","Categorical","cchs2015_2016_p, cchs2017_2018_p, cchs2019_2020_p, cchs2021_p, cchs2022_p, cchs2023_p, cchs2015_2016_m, cchs2017_2018_m, cchs2019_2020_m, cchs2021_m, cchs2022_m, cchs2023_m","cchs2015_2016_p::SMKDVSTY, cchs2017_2018_p::SMKDVSTY, cchs2019_2020_p::SMKDVSTY, cchs2021_p::SMKDVSTY, cchs2022_p::SMKDVSTY, cchs2023_p::SMKDVSTY, cchs2015_2016_m::SMKDVSTY, cchs2017_2018_m::SMKDVSTY, cchs2019_2020_m::SMKDVSTY, cchs2021_m::SMKDVSTY, cchs2022_m::SMKDVSTY, cchs2023_m::SMKDVSTY, [SMKDVSTY]","Smoking","Health behaviour","N/A","2015+ category structure only. Available 2015-2023 PUMF and Master. Direct SMKDVSTY pass-through. Not available pre-2015; use SMKDSTY_A for earlier cycles.","2015 onwards for smoke status still has 6 categories, but removed 'always occasional' (Never daily current occasional smoker) and added 'experimental' (at least 1 cig, non-smoker now)","3.0.0-alpha","2026-01-04","active","v3.0.0: 2015+ only. Direct pass-through of SMKDVSTY. Use when 2015+ category structure is preferred (includes 'experimental smoker' category). Not available pre-2015; use SMKDSTY_A for full cycle coverage.","",""
"SMKDSTY_cat3","Smoking (3-cat)","Smoking status (3-category): current, former, never","Categorical","cchs2001_p, cchs2003_p, cchs2005_p, cchs2007_2008_p, cchs2009_2010_p, cchs2011_2012_p, cchs2013_2014_p, cchs2015_2016_p, cchs2017_2018_p, cchs2019_2020_p, cchs2021_p, cchs2022_p, cchs2023_p, cchs2001_m, cchs2003_m, cchs2005_m, cchs2007_2008_m, cchs2009_2010_m, cchs2011_2012_m, cchs2013_2014_m, cchs2015_2016_m, cchs2017_2018_m, cchs2019_2020_m, cchs2021_m, cchs2022_m, cchs2023_m","cchs2001_p::SMKADSTY, cchs2003_p::SMKCDSTY, cchs2005_p::SMKEDSTY, cchs2007_2008_p::SMKDSTY, cchs2009_2010_p::SMKDSTY, cchs2011_2012_p::SMKDSTY, cchs2013_2014_p::SMKDSTY, cchs2015_2016_p::SMKDVSTY, cchs2017_2018_p::SMKDVSTY, cchs2019_2020_p::SMKDVSTY, cchs2021_p::SMKDVSTY, cchs2022_p::SMKDVSTY, cchs2023_p::SMKDVSTY, cchs2001_m::SMKADSTY, cchs2003_m::SMKCDSTY, cchs2005_m::SMKEDSTY, cchs2007_2008_m::SMKDSTY, cchs2009_2010_m::SMKDSTY, cchs2011_2012_m::SMKDSTY, cchs2013_2014_m::SMKDSTY, cchs2015_2016_m::SMKDVSTY, cchs2017_2018_m::SMKDVSTY, cchs2019_2020_m::SMKDVSTY, cchs2021_m::SMKDVSTY, cchs2022_m::SMKDVSTY, cchs2023_m::SMKDVSTY, [SMKDSTY]","Smoking","Health behaviour","N/A","Collapsed to current/former/never. Full coverage 2001-2023 PUMF and Master. Recommended for cross-cycle comparisons requiring full comparability. {recommended:secondary}","Re-categorization of SMKDSTY to be used for smoking imputation","3.0.0-alpha","2026-01-04","active","v3.0.0: Recommended for cross-cycle comparisons. Collapses to current/former/never, avoiding all semantic breaks. Full PUMF and Master coverage 2001-2023.","",""
"SMKDSTY_cat5","Smoking (5-cat)","Smoking status (5-category): daily, occasional, former daily, former occasional, never","Categorical","cchs2001_p, cchs2003_p, cchs2005_p, cchs2007_2008_p, cchs2009_2010_p, cchs2011_2012_p, cchs2013_2014_p, cchs2015_2016_p, cchs2017_2018_p, cchs2019_2020_p, cchs2021_p, cchs2022_p, cchs2023_p, cchs2001_m, cchs2003_m, cchs2005_m, cchs2007_2008_m, cchs2009_2010_m, cchs2011_2012_m, cchs2013_2014_m, cchs2015_2016_m, cchs2017_2018_m, cchs2019_2020_m, cchs2021_m, cchs2022_m, cchs2023_m","cchs2001_p::SMKADSTY, cchs2003_p::SMKCDSTY, cchs2005_p::SMKEDSTY, cchs2007_2008_p::SMKDSTY, cchs2009_2010_p::SMKDSTY, cchs2011_2012_p::SMKDSTY, cchs2013_2014_p::SMKDSTY, cchs2015_2016_p::SMKDVSTY, cchs2017_2018_p::SMKDVSTY, cchs2019_2020_p::SMKDVSTY, cchs2021_p::SMKDVSTY, cchs2022_p::SMKDVSTY, cchs2023_p::SMKDVSTY, cchs2001_m::SMKADSTY, cchs2003_m::SMKCDSTY, cchs2005_m::SMKEDSTY, cchs2007_2008_m::SMKDSTY, cchs2009_2010_m::SMKDSTY, cchs2011_2012_m::SMKDSTY, cchs2013_2014_m::SMKDSTY, cchs2015_2016_m::SMKDVSTY, cchs2017_2018_m::SMKDVSTY, cchs2019_2020_m::SMKDVSTY, cchs2021_m::SMKDVSTY, cchs2022_m::SMKDVSTY, cchs2023_m::SMKDVSTY, [SMKDSTY]","Smoking","Health behaviour","N/A","5-category avoiding semantic break. Full coverage 2001-2023 PUMF and Master. Merges occasional subtypes and former occasional/experimental. Recommended when more detail than 3-category is needed. {recommended:secondary}","Re-categorization of SMKDSTY to be used for smoking imputation. Prior to 2015, 'occasional' and 'always occasional' are combined to form the current 'occasional' category. 2015 onwards, 'former occasional' and 'experimental' are combined to form the current 'former occasional' category","3.0.0-alpha","2026-01-04","active","v3.0.0: Recommended when more detail than 3-category is needed but cross-cycle comparability is required. Merges categories to avoid the 2015 semantic break on category 5. Full PUMF and Master coverage 2001-2023.","Yes",""
"SMKG01C_A","Age 1st cig (A)","Age smoked first cigarette (pre-2015 categorical)","Categorical","cchs2001_p, cchs2003_p","cchs2001_p::SMKAG01C, cchs2003_p::SMKCG01C","smoking","Health behaviour","years","Universe: ever smoked 100+ cigarettes. PUMF only. Pre-2015 grouped categories. {sub_subject:initiation}",NA,"3.0.0-alpha","2026-01-04","active","Added from variable_details_draft.csv",NA,NA
"SMKG01C_B","Age 1st cig (B)","Age smoked first cigarette (2015+ categorical)","Categorical","cchs2005_p, cchs2007_2008_p, cchs2009_2010_p, cchs2010_p, cchs2011_2012_p, cchs2012_p, cchs2013_2014_p, cchs2014_p, cchs2015_2016_p, cchs2017_2018_p, cchs2011_2012_m, cchs2013_2014_m, cchs2010_m, cchs2012_m, cchs2014_m","cchs2005_p::SMKEG01C, cchs2015_2016_p::SMKG035, cchs2017_2018_p::SMKG035, [SMKG01C]","smoking","Health behaviour","years","Universe: ever smoked 100+ cigarettes. PUMF only. 2015+ grouped categories. {sub_subject:initiation}",NA,"3.0.0-alpha","2026-01-04","active","Added from variable_details_draft.csv",NA,NA
"SMKG01C_cont","Age 1st cig","Age smoked first whole cigarette","Continuous","cchs2001_p, cchs2003_p, cchs2005_p, cchs2007_2008_p, cchs2009_2010_p, cchs2011_2012_p, cchs2013_2014_p, cchs2015_2016_p, cchs2017_2018_p, cchs2019_2020_p, cchs2021_p, cchs2001_m, cchs2003_m, cchs2005_m, cchs2007_2008_m, cchs2009_2010_m, cchs2011_2012_m, cchs2013_2014_m, cchs2015_2016_m, cchs2017_2018_m, cchs2019_2020_m, cchs2021_m, cchs2022_m, cchs2023_m","cchs2001_p::SMKAG01C, cchs2003_p::SMKCG01C, cchs2005_p::SMKEG01C, cchs2007_2008_p::SMKG01C, cchs2009_2010_p::SMKG01C, cchs2011_2012_p::SMKG01C, cchs2013_2014_p::SMKG01C, cchs2015_2016_p::SMKG035, cchs2017_2018_p::SMKG035, cchs2019_2020_p::SMKG035, cchs2021_p::SMKG035, cchs2001_m::SMKA_01C, cchs2003_m::SMKC_01C, cchs2005_m::SMKE_01C, cchs2007_2008_m::SMK_01C, cchs2009_2010_m::SMK_01C, cchs2011_2012_m::SMK_01C, cchs2013_2014_m::SMK_01C, cchs2015_2016_m::SMK_035, cchs2017_2018_m::SMK_035, cchs2019_2020_m::SMK_035, cchs2021_m::SMK_035, cchs2022_m::CSS_10, cchs2023_m::CSS_10","smoking","Health behaviour","years","Universe: ever smoked 100+ cigarettes. PUMF: midpoint imputation from grouped categories. Master: direct pass-through of continuous values. {sub_subject:initiation}",NA,"3.0.0-alpha","2026-01-04","active","Labels updated 2026-01-04. Master coverage added 2026-01-05 for cross-validation and replication.",NA,NA
"SMKG040","Age daily smoking","Age started smoking daily - ever-daily (categorical)","Categorical","cchs2015_2016_p, cchs2017_2018_p, cchs2019_2020_p, cchs2021_p, cchs2022_p, cchs2023_p, cchs2015_2016_m, cchs2017_2018_m, cchs2019_2020_m, cchs2021_m, cchs2022_m, cchs2023_m","[SMKG040]","smoking","Health behaviour","years","Universe: ever-daily smokers. Categorical grouping of age started daily smoking. 2015+ only. {sub_subject:initiation}",NA,"3.0.0-alpha","2026-01-04","active","Added from variable_details_draft.csv",NA,NA
"SMKG040_cont","Age daily (ever)","Age started smoking cigarettes daily (all ever-daily smokers)","Continuous","cchs2001_p, cchs2003_p, cchs2005_p, cchs2007_2008_p, cchs2009_2010_p, cchs2011_2012_p, cchs2013_2014_p, cchs2015_2016_p, cchs2017_2018_p, cchs2019_2020_p, cchs2021_p, cchs2001_m, cchs2003_m, cchs2005_m, cchs2007_2008_m, cchs2009_2010_m, cchs2011_2012_m, cchs2013_2014_m, cchs2015_2016_m, cchs2017_2018_m, cchs2019_2020_m, cchs2021_m, cchs2022_m, cchs2023_m","cchs2001_p::[SMKAG203, SMKAG207], cchs2003_p::[SMKCG203, SMKCG207], cchs2005_p::[SMKEG203, SMKEG207], cchs2007_2008_p::[SMKG203, SMKG207], cchs2009_2010_p::[SMKG203, SMKG207], cchs2011_2012_p::[SMKG203, SMKG207], cchs2013_2014_p::[SMKG203, SMKG207], cchs2015_2016_p::SMKG040, cchs2017_2018_p::SMKG040, cchs2019_2020_p::SMKG040, cchs2021_p::SMKG040, cchs2001_m::[SMKA_203, SMKA_207], cchs2003_m::[SMKC_203, SMKC_207], cchs2005_m::[SMKE_203, SMKE_207], cchs2007_2008_m::[SMK_203, SMK_207], cchs2009_2010_m::[SMK_203, SMK_207], cchs2011_2012_m::[SMK_203, SMK_207], cchs2013_2014_m::[SMK_203, SMK_207], cchs2015_2016_m::SMK_040, cchs2017_2018_m::SMK_040, cchs2019_2020_m::SMK_040, cchs2021_m::SMK_040, cchs2022_m::SPU_15, cchs2023_m::SPU_15","smoking","Health behaviour","years","Universe: all ever-daily smokers. PUMF: midpoint imputation from grouped categories. Master: direct pass-through of continuous values. {sub_subject:initiation}",NA,"3.0.0-alpha","2026-01-04","active","Labels updated 2026-01-04. Master coverage added 2026-01-05 for cross-validation and replication.",NA,NA
"SMKG203_A","Age daily curr (A)","Age started smoking daily - current daily (pre-2015 categorical)","Categorical","cchs2001_p, cchs2003_p","cchs2001_p::SMKAG203, cchs2003_p::SMKCG203","smoking","Health behaviour","years","Universe: current daily smokers. PUMF only. Pre-2015 grouped categories. {sub_subject:initiation}",NA,"3.0.0-alpha","2026-01-04","active","Added from variable_details_draft.csv",NA,NA
"SMKG203_B","Age daily curr (B)","Age started smoking daily - current daily (2015+ categorical)","Categorical","cchs2005_m, cchs2005_p, cchs2007_2008_m, cchs2007_2008_p, cchs2009_2010_m, cchs2009_2010_p, cchs2010_m, cchs2010_p, cchs2011_2012_m, cchs2011_2012_p, cchs2012_m, cchs2012_p, cchs2013_2014_m, cchs2013_2014_p, cchs2014_m, cchs2014_p","cchs2005_p::SMKEG203, [SMKG203]","smoking","Health behaviour","years","Universe: current daily smokers. PUMF only. 2015+ grouped categories. {sub_subject:initiation}",NA,"3.0.0-alpha","2026-01-04","active","Added from variable_details_draft.csv",NA,NA
"SMKG203_cont","Age daily (curr)","Age started smoking cigarettes daily (current daily smokers)","Continuous","cchs2001_p, cchs2003_p, cchs2005_p, cchs2007_2008_p, cchs2009_2010_p, cchs2011_2012_p, cchs2013_2014_p, cchs2015_2016_p, cchs2017_2018_p, cchs2019_2020_p, cchs2021_p, cchs2001_m, cchs2003_m, cchs2005_m, cchs2007_2008_m, cchs2009_2010_m, cchs2011_2012_m, cchs2013_2014_m, cchs2015_2016_m, cchs2017_2018_m, cchs2019_2020_m, cchs2021_m, cchs2022_m, cchs2023_m","cchs2001_p::SMKAG203, cchs2003_p::SMKCG203, cchs2005_p::SMKEG203, cchs2007_2008_p::SMKG203, cchs2009_2010_p::SMKG203, cchs2011_2012_p::SMKG203, cchs2013_2014_p::SMKG203, cchs2015_2016_p::[SMKG005, SMKG040], cchs2017_2018_p::[SMKG005, SMKG040], cchs2019_2020_p::[SMKG005, SMKG040], cchs2021_p::[SMKG005, SMKG040], cchs2001_m::SMKA_203, cchs2003_m::SMKC_203, cchs2005_m::SMKE_203, cchs2007_2008_m::SMK_203, cchs2009_2010_m::SMK_203, cchs2011_2012_m::SMK_203, cchs2013_2014_m::SMK_203, cchs2015_2016_m::[SMK_005, SMK_040], cchs2017_2018_m::[SMK_005, SMK_040], cchs2019_2020_m::[SMK_005, SMK_040], cchs2021_m::[SMK_005, SMK_040], cchs2022_m::[CSS_05, SPU_15], cchs2023_m::[CSS_05, SPU_15]","smoking","Health behaviour","years","Universe: current daily smokers. PUMF: midpoint imputation from grouped categories. Master: direct pass-through of continuous values. {recommended:secondary} {sub_subject:initiation}",NA,"3.0.0-alpha","2026-01-04","active","Labels updated 2026-01-04. Master coverage added 2026-01-05 for cross-validation and replication.",NA,NA
"SMKG207_A","Age daily fmr (A)","Age started smoking daily - former daily (pre-2015 categorical)","Categorical","cchs2001_p, cchs2003_p","cchs2001_p::SMKAG207, cchs2003_p::SMKCG207","smoking","Health behaviour","years","Universe: former daily smokers. PUMF only. Pre-2015 grouped categories. {sub_subject:initiation}",NA,"3.0.0-alpha","2026-01-04","active","Added from variable_details_draft.csv",NA,NA
"SMKG207_B","Age daily fmr (B)","Age started smoking daily - former daily (2015+ categorical)","Categorical","cchs2005_p, cchs2007_2008_p, cchs2009_2010_p, cchs2010_p, cchs2011_2012_p, cchs2012_p, cchs2013_2014_p, cchs2014_p","cchs2005_p::SMKEG207, [SMKG207]","smoking","Health behaviour","years","Universe: former daily smokers. PUMF only. 2015+ grouped categories. {sub_subject:initiation}",NA,"3.0.0-alpha","2026-01-04","active","Added from variable_details_draft.csv",NA,NA
"SMKG207_cont","Age daily (fmr)","Age started smoking cigarettes daily (former daily smokers)","Continuous","cchs2001_p, cchs2003_p, cchs2005_p, cchs2007_2008_p, cchs2009_2010_p, cchs2011_2012_p, cchs2013_2014_p, cchs2015_2016_p, cchs2017_2018_p, cchs2019_2020_p, cchs2021_p, cchs2001_m, cchs2003_m, cchs2005_m, cchs2007_2008_m, cchs2009_2010_m, cchs2011_2012_m, cchs2013_2014_m, cchs2015_2016_m, cchs2017_2018_m, cchs2019_2020_m, cchs2021_m, cchs2022_m, cchs2023_m","cchs2001_p::SMKAG207, cchs2003_p::SMKCG207, cchs2005_p::SMKEG207, cchs2007_2008_p::SMKG207, cchs2009_2010_p::SMKG207, cchs2011_2012_p::SMKG207, cchs2013_2014_p::SMKG207, cchs2015_2016_p::[SMKG005, SMKG030, SMKG040], cchs2017_2018_p::[SMKG005, SMKG030, SMKG040], cchs2019_2020_p::[SMKG005, SMKG030, SMKG040], cchs2021_p::[SMKG005, SMKG030, SMKG040], cchs2001_m::SMKA_207, cchs2003_m::SMKC_207, cchs2005_m::SMKE_207, cchs2007_2008_m::SMK_207, cchs2009_2010_m::SMK_207, cchs2011_2012_m::SMK_207, cchs2013_2014_m::SMK_207, cchs2015_2016_m::[SMK_005, SMK_030, SMK_040], cchs2017_2018_m::[SMK_005, SMK_030, SMK_040], cchs2019_2020_m::[SMK_005, SMK_030, SMK_040], cchs2021_m::[SMK_005, SMK_030, SMK_040], cchs2022_m::[CSS_05, SPU_05, SPU_15], cchs2023_m::[CSS_05, SPU_05, SPU_15]","smoking","Health behaviour","years","Universe: former daily smokers. PUMF: midpoint imputation from grouped categories. Master: direct pass-through of continuous values. {recommended:secondary} {sub_subject:initiation}",NA,"3.0.0-alpha","2026-01-04","active","Labels updated 2026-01-04. Master coverage added 2026-01-05 for cross-validation and replication.",NA,NA
"SMK_01C","Age 1st cig","Age smoked first whole cigarette","Continuous","cchs2001_m, cchs2003_m, cchs2005_m, cchs2007_2008_m, cchs2009_2010_m, cchs2011_2012_m, cchs2013_2014_m, cchs2015_2016_m, cchs2017_2018_m, cchs2019_2020_m, cchs2021_m, cchs2022_m, cchs2023_m","cchs2001_m::SMKA_01C, cchs2003_m::SMKC_01C, cchs2005_m::SMKE_01C, cchs2007_2008_m::SMK_01C, cchs2009_2010_m::SMK_01C, cchs2011_2012_m::SMK_01C, cchs2013_2014_m::SMK_01C, cchs2015_2016_m::SMK_035, cchs2017_2018_m::SMK_035, cchs2019_2020_m::SMK_035, cchs2021_m::SMK_035, cchs2022_m::CSS_10, cchs2023_m::CSS_10","smoking","Health behaviour","years","Universe: ever smoked 100+ cigarettes. Master file only. {sub_subject:initiation}",NA,"3.0.0-alpha","2026-01-04","active","Labels updated 2026-01-04. Universe context added.",NA,NA
"SMK_040","Age daily (ever)","Age started smoking cigarettes daily (all ever-daily smokers)","Continuous","cchs2001_m, cchs2003_m, cchs2005_m, cchs2007_2008_m, cchs2009_2010_m, cchs2011_2012_m, cchs2013_2014_m, cchs2015_2016_m, cchs2017_2018_m, cchs2019_2020_m, cchs2021_m, cchs2022_m, cchs2023_m","cchs2001_m::[SMKA_203, SMKA_207], cchs2003_m::[SMKC_203, SMKC_207], cchs2005_m::[SMKE_203, SMKE_207], cchs2007_2008_m::[SMK_203, SMK_207], cchs2009_2010_m::[SMK_203, SMK_207], cchs2011_2012_m::[SMK_203, SMK_207], cchs2013_2014_m::[SMK_203, SMK_207], cchs2015_2016_m::SMK_040, cchs2017_2018_m::SMK_040, cchs2019_2020_m::SMK_040, cchs2021_m::SMK_040, cchs2022_m::SPU_15, cchs2023_m::SPU_15","smoking","Health behaviour","years","Universe: all ever-daily smokers (current + former daily). Master file only. Pre-2015: combined from SMK_203 + SMK_207. Post-2015: direct source. {sub_subject:initiation}",NA,"3.0.0-alpha","2026-01-04","active","Labels updated 2026-01-04. Universe context added.",NA,NA
"SMK_203","Age daily (curr)","Age started smoking cigarettes daily (current daily smokers)","Continuous","cchs2001_m, cchs2003_m, cchs2005_m, cchs2007_2008_m, cchs2009_2010_m, cchs2011_2012_m, cchs2013_2014_m, cchs2015_2016_m, cchs2017_2018_m, cchs2019_2020_m, cchs2021_m, cchs2022_m, cchs2023_m","cchs2001_m::SMKA_203, cchs2003_m::SMKC_203, cchs2005_m::SMKE_203, cchs2007_2008_m::SMK_203, cchs2009_2010_m::SMK_203, cchs2011_2012_m::SMK_203, cchs2013_2014_m::SMK_203, cchs2015_2016_m::[SMK_005, SMK_040], cchs2017_2018_m::[SMK_005, SMK_040], cchs2019_2020_m::[SMK_005, SMK_040], cchs2021_m::[SMK_005, SMK_040], cchs2022_m::[CSS_05, SPU_15], cchs2023_m::[CSS_05, SPU_15]","smoking","Health behaviour","years","Universe: current daily smokers. Master file only. Pre-2015: direct source. Post-2015: derived from SMK_040 filtered by status. {sub_subject:initiation}",NA,"3.0.0-alpha","2026-01-04","active","Labels updated 2026-01-04. Universe context added.",NA,NA
"SMK_207","Age daily (fmr)","Age started smoking cigarettes daily (former daily smokers)","Continuous","cchs2001_m, cchs2003_m, cchs2005_m, cchs2007_2008_m, cchs2009_2010_m, cchs2011_2012_m, cchs2013_2014_m, cchs2015_2016_m, cchs2017_2018_m, cchs2019_2020_m, cchs2021_m, cchs2022_m, cchs2023_m","cchs2001_m::SMKA_207, cchs2003_m::SMKC_207, cchs2005_m::SMKE_207, cchs2007_2008_m::SMK_207, cchs2009_2010_m::SMK_207, cchs2011_2012_m::SMK_207, cchs2013_2014_m::SMK_207, cchs2015_2016_m::[SMK_005, SMK_030, SMK_040], cchs2017_2018_m::[SMK_005, SMK_030, SMK_040], cchs2019_2020_m::[SMK_005, SMK_030, SMK_040], cchs2021_m::[SMK_005, SMK_030, SMK_040], cchs2022_m::[CSS_05, SPU_05, SPU_15], cchs2023_m::[CSS_05, SPU_05, SPU_15]","smoking","Health behaviour","years","Universe: former daily smokers. Master file only. Pre-2015: direct source. Post-2015: derived from SMK_040 filtered by status. {sub_subject:initiation}",NA,"3.0.0-alpha","2026-01-04","active","Labels updated 2026-01-04. Universe context added.",NA,NA
"SMKDVSTP","Yrs quit smoking","Years since quit smoking completely (Master continuous)","Continuous","cchs2003_m, cchs2005_m, cchs2007_2008_m, cchs2009_2010_m, cchs2011_2012_m, cchs2013_2014_m, cchs2015_2016_m, cchs2017_2018_m, cchs2019_2020_m, cchs2021_m, cchs2022_m, cchs2023_m","cchs2003_m::SMKCDSTP, cchs2005_m::SMKEDSTP, cchs2007_2008_m::SMKDSTP, cchs2009_2010_m::SMKDSTP, cchs2011_2012_m::SMKDSTP, cchs2013_2014_m::SMKDSTP, cchs2015_2016_m::SMKDVSTP, cchs2017_2018_m::SMKDVSTP, cchs2019_2020_m::SMKDVSTP, cchs2021_m::SMKDVSTP, cchs2022_m::SMKDVSTP, cchs2023_m::SMKDVSTP","smoking","Health behaviour","years","Universe: former smokers. Master file only. StatCan derived continuous (0-88 years). Not available 2001.","StatCan derived variable for years since completely quit smoking.","3.0.0-alpha","2026-01-05","active","Split from SMKDSTP 2026-01-05. Master continuous pass-through.",NA,NA
"SMKDGSTP","Yrs quit (P cat)","Years since quit smoking completely (PUMF grouped categorical)","Categorical","cchs2015_2016_p, cchs2017_2018_p","cchs2015_2016_p::SMKDGSTP, cchs2017_2018_p::SMKDGSTP","smoking","Health behaviour","N/A","Universe: former smokers. PUMF 2015+ only. Grouped categories: 0=<1yr, 1=1-2yr, 2=3-5yr, 3=6-10yr, 4=11+yr.","StatCan derived variable grouped for disclosure control.","3.0.0-alpha","2026-01-05","active","Split from SMKDSTP 2026-01-05. PUMF categorical 2015+ only.",NA,NA
"SMKDGSTP_cont","Yrs quit smoking*","Years since quit smoking completely","Continuous","cchs2007_2008_p, cchs2009_2010_p, cchs2011_2012_p, cchs2013_2014_p, cchs2015_2016_p, cchs2017_2018_p, cchs2003_m, cchs2005_m, cchs2007_2008_m, cchs2009_2010_m, cchs2011_2012_m, cchs2013_2014_m, cchs2015_2016_m, cchs2017_2018_m, cchs2019_2020_m, cchs2021_m, cchs2022_m, cchs2023_m","cchs2007_2008_p::SMKDSTP, cchs2009_2010_p::SMKDSTP, cchs2011_2012_p::SMKDSTP, cchs2013_2014_p::SMKDSTP, cchs2015_2016_p::SMKDGSTP, cchs2017_2018_p::SMKDGSTP, cchs2003_m::SMKCDSTP, cchs2005_m::SMKEDSTP, cchs2007_2008_m::SMKDSTP, cchs2009_2010_m::SMKDSTP, cchs2011_2012_m::SMKDSTP, cchs2013_2014_m::SMKDSTP, cchs2015_2016_m::SMKDVSTP, cchs2017_2018_m::SMKDVSTP, cchs2019_2020_m::SMKDVSTP, cchs2021_m::SMKDVSTP, cchs2022_m::SMKDVSTP, cchs2023_m::SMKDVSTP","smoking","Health behaviour","years","Universe: former smokers. PUMF 2007-2014: pass-through continuous; PUMF 2015+: midpoint from SMKDGSTP; Master: pass-through continuous. Not available 2001, 2003-2005 PUMF.","Unified continuous years since quit. PUMF pre-2015 continuous, PUMF 2015+ midpoint imputed, Master continuous pass-through.","3.0.0-alpha","2026-01-05","active","Split from SMKDSTP 2026-01-05. Follows 02-initiation _cont pattern.",NA,NA
"SMKG06C","Yrs quit occ","Years since stopped smoking - never daily occasional (PUMF categorical)","Categorical","cchs2003_p, cchs2005_p, cchs2007_2008_p, cchs2009_2010_p, cchs2010_p, cchs2011_2012_p, cchs2012_p, cchs2013_2014_p, cchs2014_p, cchs2019_2020_p, cchs2021_p, cchs2022_p, cchs2023_p","cchs2003_p::SMKCG06C, cchs2005_p::SMKEG06C, [SMKG06C]","smoking","Health behaviour","years","Universe: former occasional (never daily). PUMF categorical.","","3.0.0-alpha","2026-01-04","active","Added from variable_details_draft.csv",NA,NA
"SMKG09C","Yrs quit daily","Years since stopped smoking daily - former daily (PUMF categorical)","Categorical","cchs2003_p, cchs2005_p, cchs2007_2008_p, cchs2009_2010_p, cchs2010_p, cchs2011_2012_p, cchs2012_p, cchs2013_2014_p, cchs2014_p, cchs2015_2016_p, cchs2017_2018_p, cchs2019_2020_p, cchs2021_p, cchs2022_p, cchs2023_p","cchs2003_p::SMKCG09C, cchs2005_p::SMKEG09C, cchs2015_2016_p::SMKG090, cchs2017_2018_p::SMKG090, [SMKG09C]","smoking","Health behaviour","years","Universe: former daily smokers. PUMF categorical.","","3.0.0-alpha","2026-01-04","active","Added from variable_details_draft.csv",NA,NA
"SMKG09C_cont","Yrs quit daily","Years since stopped smoking daily - former daily (PUMF continuous derived)","Continuous","cchs2003_p, cchs2005_p, cchs2007_2008_p, cchs2009_2010_p, cchs2010_p, cchs2011_2012_p, cchs2012_p, cchs2013_2014_p, cchs2014_p, cchs2015_2016_p, cchs2017_2018_p, cchs2019_2020_p, cchs2021_p, cchs2022_p, cchs2023_p","cchs2003_p::SMKCG09C, cchs2005_p::SMKEG09C, cchs2015_2016_p::SMKG090, cchs2017_2018_p::SMKG090, [SMKG09C]","smoking","Health behaviour","years","Universe: former daily smokers. PUMF continuous derived. {recommended:secondary}","","3.0.0-alpha","2026-01-04","active","Added from variable_details_draft.csv",NA,NA
"SMK_06A_A","Quit time occ (A)","When stopped smoking - never daily occasional (pre-2015 categorical)","Categorical","cchs2001_p, cchs2001_m, cchs2019_2020_p, cchs2021_p, cchs2022_p, cchs2023_p, cchs2010_m, cchs2012_m, cchs2014_m","[SMKA_06A]","smoking","Health behaviour","N/A","Universe: former occasional (never daily). Pre-2015 categorical.","","3.0.0-alpha","2026-01-04","active","Added from variable_details_draft.csv",NA,NA
"SMK_06A_B","Quit time occ (B)","When stopped smoking - never daily occasional (2015+ categorical)","Categorical","cchs2003_p, cchs2005_p, cchs2007_2008_p, cchs2009_2010_p, cchs2010_p, cchs2011_2012_p, cchs2012_p, cchs2013_2014_p, cchs2014_p, cchs2015_2016_p, cchs2017_2018_p, cchs2003_m, cchs2005_m, cchs2007_2008_m, cchs2009_2010_m, cchs2011_2012_m, cchs2013_2014_m, cchs2015_2016_m, cchs2017_2018_m, cchs2019_2020_m, cchs2021_m, cchs2023_m, cchs2019_2020_p, cchs2021_p, cchs2022_p, cchs2023_p, cchs2010_m, cchs2012_m, cchs2014_m","cchs2003_p::SMKC_06A, cchs2005_p::SMKE_06A, cchs2015_2016_p::SMK_060, cchs2017_2018_p::SMK_060, cchs2003_m::SMKC_06A, cchs2005_m::SMKE_06A,  cchs2015_2016_m::SMK_060, cchs2017_2018_m::SMK_060, cchs2019_2020_m::SMK_060, cchs2021_m::SMK_060, cchs2023_m::SPU_10, [SMK_06A]","smoking","Health behaviour","N/A","Universe: former occasional (never daily). 2015+ categorical.","","3.0.0-alpha","2026-01-04","active","Added from variable_details_draft.csv",NA,NA
"SMK_06A_cont","Yrs quit (occ)","Years since stopped smoking (former occasional smokers, continuous)","Continuous","cchs2001_p, cchs2003_p, cchs2005_p, cchs2007_2008_p, cchs2009_2010_p, cchs2011_2012_p, cchs2013_2014_p, cchs2015_2016_p, cchs2017_2018_p, cchs2001_m, cchs2003_m, cchs2005_m, cchs2007_2008_m, cchs2009_2010_m, cchs2011_2012_m, cchs2013_2014_m, cchs2015_2016_m, cchs2017_2018_m, cchs2019_2020_m, cchs2021_m, cchs2023_m","cchs2001_p::SMKA_06A, cchs2001_m::SMKA_06A, cchs2003_p::SMKC_06A, cchs2003_m::SMKC_06A, cchs2005_p::SMKE_06A, cchs2005_m::SMKE_06A, cchs2015_2016_p::SMK_060, cchs2015_2016_m::SMK_060, cchs2017_2018_p::SMK_060, cchs2017_2018_m::SMK_060, cchs2019_2020_m::SMK_060, cchs2021_m::SMK_060, cchs2023_m::SPU_10, [SMK_06A]","smoking","Health behaviour","years","Universe: former occasional smokers. Converts categorical SMK_06A/SPU_10 to pseudo-continuous using midpoint. Not available 2022 (no categorical - uses SPU_10A/B month/year). Use SMKDVSTP for 2022.","Pseudo-continuous years since stopped smoking for former occasional smokers. Derived from categorical using midpoint conversion.","3.0.0-alpha","2026-01-11","active","Removed cchs2022_m - 2022 uses month/year (SPU_10A/B) not categorical. Added cchs2023_m::SPU_10.",NA,NA
"SMK_06C","Yrs quit occ","Years since stopped smoking - never daily occasional (Master continuous)","Continuous","cchs2009_m, cchs2010_m, cchs2012_m, cchs2003_m, cchs2005_m, cchs2007_2008_m, cchs2009_2010_m, cchs2010_m, cchs2011_2012_m, cchs2012_m, cchs2013_2014_m, cchs2014_m","[SMK_06C]","smoking","Health behaviour","years","Universe: former occasional (never daily). Master file continuous.","","3.0.0-alpha","2026-01-04","active","Added from variable_details_draft.csv",NA,NA
"SMK_09A","Quit time daily","When stopped smoking daily - former daily","Categorical","cchs2001_m, cchs2010_m, cchs2012_m, cchs2014_m","cchs2001_p::SMKA_09A","smoking","Health behaviour","N/A","Universe: former daily smokers. Raw pass-through.","","3.0.0-alpha","2026-01-04","active","Added from variable_details_draft.csv",NA,NA
"SMK_09A_A","Quit time daily (A)","When stopped smoking daily - former daily (pre-2015 categorical)","Categorical","cchs2001_p, cchs2001_m, cchs2019_2020_p, cchs2021_p, cchs2022_p, cchs2023_p, cchs2010_m, cchs2012_m, cchs2014_m","cchs2001_p::SMKA_09A, cchs2001_m::SMKA_09A","smoking","Health behaviour","N/A","Universe: former daily smokers. Pre-2015 categorical.","","3.0.0-alpha","2026-01-04","active","Added from variable_details_draft.csv",NA,NA
"SMK_09A_B","Quit time daily (B)","When stopped smoking daily - former daily (2015+ categorical)","Categorical","cchs2003_p, cchs2005_p, cchs2007_2008_p, cchs2009_2010_p, cchs2010_p, cchs2011_2012_p, cchs2012_p, cchs2013_2014_p, cchs2014_p, cchs2015_2016_p, cchs2017_2018_p, cchs2009_m, cchs2010_m, cchs2012_m, cchs2003_m, cchs2005_m, cchs2007_2008_m, cchs2009_2010_m, cchs2011_2012_m, cchs2013_2014_m, cchs2015_2016_m, cchs2017_2018_m, cchs2019_2020_m, cchs2021_m, cchs2023_m, cchs2019_2020_p, cchs2021_p, cchs2022_p, cchs2023_p, cchs2010_m, cchs2012_m, cchs2014_m","cchs2003_p::SMKC_09A, cchs2005_p::SMKE_09A, cchs2015_2016_p::SMK_080, cchs2017_2018_p::SMK_080, cchs2003_m::SMKC_09A, cchs2005_m::SMKE_09A, cchs2015_2016_m::SMK_080, cchs2017_2018_m::SMK_080, cchs2017_2018_m::SMK_080, cchs2019_2020_m::SMK_080, cchs2021_m::SMK_080, cchs2023_m::SPU_25, [SMK_09A]","smoking","Health behaviour","N/A","Universe: former daily smokers. 2015+ categorical.","","3.0.0-alpha","2026-01-04","active","Added from variable_details_draft.csv",NA,NA
"SMK_09A_cont","Yrs quit daily","Years since stopped smoking daily - former daily (continuous derived)","Continuous","cchs2001_p, cchs2003_p, cchs2005_p, cchs2007_2008_p, cchs2009_2010_p, cchs2011_2012_p, cchs2013_2014_p, cchs2015_2016_p, cchs2017_2018_p, cchs2001_m, cchs2003_m, cchs2005_m, cchs2007_2008_m, cchs2009_2010_m, cchs2011_2012_m, cchs2013_2014_m, cchs2015_2016_m, cchs2017_2018_m, cchs2019_2020_m, cchs2021_m, cchs2023_m","cchs2001_p::SMKA_09A, cchs2001_m::SMKA_09A, cchs2003_p::SMKC_09A, cchs2003_m::SMKC_09A, cchs2005_p::SMKE_09A, cchs2005_m::SMKE_09A, cchs2015_2016_p::SMK_080, cchs2015_2016_m::SMK_080, cchs2017_2018_p::SMK_080, cchs2017_2018_m::SMK_080, cchs2019_2020_m::SMK_080, cchs2021_m::SMK_080, cchs2023_m::SPU_25, [SMK_09A]","smoking","Health behaviour","years","Universe: former daily smokers. Converts categorical SMK_09A/SPU_25 to pseudo-continuous using midpoint. Not available 2022 (no categorical source - use SMKDVSTP). PUMF 2003-2018 also has grouped SMKG09C.","Pseudo-continuous years since stopped smoking daily for former daily smokers. Derived from categorical using midpoint conversion.","3.0.0-alpha","2026-01-11","active","Removed cchs2022_m - 2022 has no categorical quit timing (only SPU_25A/B month/year). Use SMKDVSTP for 2022.",NA,NA
"SMK_09C","Yrs quit daily","Years since stopped smoking daily - former daily (Master continuous)","Continuous","cchs2003_m, cchs2005_m, cchs2007_2008_m, cchs2009_2010_m, cchs2011_2012_m, cchs2013_2014_m, cchs2015_2016_m, cchs2017_2018_m, cchs2019_2020_m, cchs2021_m","cchs2003_m::SMKC_09C, cchs2005_m::SMKE_09C, [SMK_09C]","smoking","Health behaviour","years","Universe: former daily smokers. Master file continuous. Not available 2001. For 2022+ use SMKDVSTP.","","3.0.0-alpha","2026-01-11","active","Fixed: Removed 2022_m (uses SMKDVSTP not SMK_09C). Corrected variableStart to use raw SMK_09C.",NA,NA
"SMK_10A_cont","Yrs quit (reducer)","Years since quit completely (former daily who continued occasional, continuous)","Continuous","cchs2003_p, cchs2005_p, cchs2007_2008_p, cchs2009_2010_p, cchs2011_2012_p, cchs2013_2014_p, cchs2015_2016_p, cchs2017_2018_p, cchs2003_m, cchs2005_m, cchs2007_2008_m, cchs2009_2010_m, cchs2011_2012_m, cchs2013_2014_m, cchs2015_2016_m, cchs2017_2018_m, cchs2019_2020_m, cchs2021_m, cchs2023_m","cchs2003_p::SMKC_10A, cchs2003_m::SMKC_10A, cchs2005_p::SMKE_10A, cchs2005_m::SMKE_10A, cchs2015_2016_p::SMK_100, cchs2015_2016_m::SMK_100, cchs2017_2018_p::SMK_100, cchs2017_2018_m::SMK_100, cchs2019_2020_m::SMK_100, cchs2021_m::SMK_100, cchs2023_m::SPU_35, [SMK_10A]","smoking","Health behaviour","years","Universe: former daily who continued occasional. Converts categorical SMK_10A/SPU_35 to pseudo-continuous using midpoint. Not available 2001, 2022 (no categorical - uses SPU_35A/B month/year). Use SMKDVSTP for 2022.","Pseudo-continuous years since quit completely for former daily who reduced to occasional. Derived from categorical using midpoint conversion.","3.0.0-alpha","2026-01-11","active","Removed cchs2022_m - 2022 uses month/year (SPU_35A/B) not categorical. Added cchs2023_m::SPU_35.",NA,NA
"SMK_10_gate","Quit gate","Quit completely when stopped daily (gate variable)","Categorical","cchs2003_p, cchs2005_p, cchs2007_2008_p, cchs2009_2010_p, cchs2011_2012_p, cchs2013_2014_p, cchs2015_2016_p, cchs2017_2018_p, cchs2003_m, cchs2005_m, cchs2007_2008_m, cchs2009_2010_m, cchs2011_2012_m, cchs2013_2014_m, cchs2015_2016_m, cchs2017_2018_m, cchs2019_2020_m, cchs2021_m, cchs2022_m, cchs2023_m","cchs2003_p::[SMKC_10], cchs2005_p::[SMKE_10], cchs2007_2008_p::[SMK_10], cchs2009_2010_p::[SMK_10], cchs2011_2012_p::[SMK_10], cchs2013_2014_p::[SMK_10], cchs2015_2016_p::[SMK_095], cchs2017_2018_p::[SMK_095], cchs2003_m::[SMKC_10], cchs2005_m::[SMKE_10], cchs2007_2008_m::[SMK_10], cchs2009_2010_m::[SMK_10], cchs2011_2012_m::[SMK_10], cchs2013_2014_m::[SMK_10], cchs2015_2016_m::[SMK_095], cchs2017_2018_m::[SMK_095], cchs2019_2020_m::[SMK_095], cchs2021_m::[SMK_095], cchs2022_m::[SPU_30], cchs2023_m::[SPU_30]","smoking","Health behaviour","N/A","Universe: former daily smokers. Gate for quit pathway: 1=quit when stopped daily, 2=continued occasional. Not available 2001.","Determines if respondent quit completely when they stopped daily smoking or continued occasional smoking.","3.0.0-alpha","2026-01-04","active","Labels updated 2026-01-04. Universe context added.",NA,NA
"quit_pathway","Quit pathway","Smoking cessation pathway (direct, gradual, or former occasional)","Categorical","cchs2003_p, cchs2005_p, cchs2007_2008_p, cchs2009_2010_p, cchs2011_2012_p, cchs2013_2014_p, cchs2015_2016_p, cchs2017_2018_p, cchs2003_m, cchs2005_m, cchs2007_2008_m, cchs2009_2010_m, cchs2011_2012_m, cchs2013_2014_m, cchs2015_2016_m, cchs2017_2018_m, cchs2019_2020_m, cchs2021_m, cchs2022_m, cchs2023_m","DerivedVar::[SMKDSTY_cat5, SMK_10_gate]","smoking","Health behaviour","N/A","Derived from SMKDSTY_cat5 and SMK_10_gate. Not available 2001 (no SMK_10_gate). {recommended:secondary}","Categorical indicator: 1=direct quit (quit when stopped daily), 2=gradual quit (continued occasional then quit), 3=former occasional (never daily)","3.0.0-alpha","2026-01-04","active","Labels updated 2026-01-04",NA,NA
"time_quit_smoking","Yrs quit smoking*","Years since quit smoking","Continuous","cchs2001_p, cchs2003_p, cchs2005_p, cchs2007_2008_p, cchs2009_2010_p, cchs2011_2012_p, cchs2013_2014_p, cchs2015_2016_p, cchs2017_2018_p, cchs2019_2020_p, cchs2001_m, cchs2003_m, cchs2005_m, cchs2007_2008_m, cchs2009_2010_m, cchs2011_2012_m, cchs2013_2014_m, cchs2015_2016_m, cchs2017_2018_m, cchs2019_2020_m, cchs2021_m, cchs2022_m, cchs2023_m","DerivedVar::[SMK_09A_cont, SMK_06A_cont, SMKDVSTP]","smoking","Health behaviour","years","{recommended:primary} {sub_subject:cessation} Universe: all former smokers. Routes: PUMF uses SMK_09A_cont/SMK_06A_cont (midpoint-converted); Master 2003+ uses SMKDVSTP (StatCan derived continuous).","Unified continuous years since quit smoking. PUMF: midpoint from categorical; Master: SMKDVSTP pass-through.","3.0.0-alpha","2026-01-11","active","Fixed: Changed SPU_25 to SMKDVSTP for Master 2022/2023 (SPU_25 is categorical, SMKDVSTP is continuous).",NA,NA
"SMK_10A_A","Quit time reducer (A)","When quit completely - former daily continued occasional (pre-2015 categorical)","Categorical","cchs2003_p, cchs2003_m, cchs2005_p, cchs2005_m, cchs2007_2008_p, cchs2007_2008_m, cchs2009_2010_p, cchs2009_2010_m, cchs2011_2012_p, cchs2011_2012_m, cchs2013_2014_p, cchs2013_2014_m","cchs2003_p::SMKC_10A, cchs2005_p::SMKE_10A, cchs2003_m::SMKC_10A, cchs2005_m::SMKE_10A, [SMK_10A]","smoking","Health behaviour","N/A","Universe: former daily who continued occasional. Pre-2015 categorical (4 categories). Not available 2001.","","3.0.0-alpha","2026-01-05","active","Split from SMK_10A_cat 2026-01-05",NA,NA
"SMK_10A_B","Quit time reducer (B)","When quit completely - former daily continued occasional (2015+ categorical)","Categorical","cchs2015_2016_p, cchs2017_2018_p, cchs2015_2016_m, cchs2017_2018_m, cchs2019_2020_m, cchs2021_m, cchs2023_m","cchs2015_2016_p::SMK_100, cchs2017_2018_p::SMK_100, cchs2015_2016_m::SMK_100, cchs2017_2018_m::SMK_100, cchs2019_2020_m::SMK_100, cchs2021_m::SMK_100, cchs2023_m::SPU_35","smoking","Health behaviour","N/A","Universe: former daily who continued occasional. 2015+ categorical (4 categories). Not available 2001, 2022.","","3.0.0-alpha","2026-01-05","active","Split from SMK_10A_cat 2026-01-05",NA,NA
"cigs_per_day","Cigs/day","Cigarettes per day when smoking daily (ever-daily smokers, unified)","Continuous","cchs2001_p, cchs2003_p, cchs2005_p, cchs2007_2008_p, cchs2009_2010_p, cchs2010_p, cchs2011_2012_p, cchs2012_p, cchs2013_2014_p, cchs2014_p, cchs2015_2016_p, cchs2017_2018_p, cchs2009_m, cchs2010_m, cchs2012_m, cchs2001_m, cchs2003_m, cchs2005_m, cchs2007_2008_m, cchs2009_2010_m, cchs2011_2012_m, cchs2013_2014_m, cchs2015_2016_m, cchs2017_2018_m, cchs2019_2020_m, cchs2021_m, cchs2022_m, cchs2023_m, cchs2019_2020_p, cchs2021_p, cchs2022_p, cchs2023_p, cchs2010_m, cchs2012_m, cchs2014_m","DerivedVar::[SMK_204, SMK_208, SMKDSTY_A]","smoking","Health behaviour","cigarettes","{recommended:primary} {sub_subject:intensity} Universe: ever-daily smokers (SMKDSTY_A 1, 2, 4). Combines current (SMK_204) and former (SMK_208) daily intensity.","Unified daily smoking intensity for pack-years and dose-response analyses.","3.0.0-alpha","2026-01-09","active","Created from SMK_204/SMK_208 unification","",NA
"SMK_204","Cigs/day (current)","Number of cigarettes smoked daily - daily smokers","Continuous","cchs2001_p, cchs2003_p, cchs2005_p, cchs2007_2008_p, cchs2009_2010_p, cchs2010_p, cchs2011_2012_p, cchs2012_p, cchs2013_2014_p, cchs2014_p, cchs2015_2016_p, cchs2017_2018_p, cchs2009_m, cchs2010_m, cchs2012_m, cchs2001_m, cchs2003_m, cchs2005_m, cchs2007_2008_m, cchs2009_2010_m, cchs2011_2012_m, cchs2013_2014_m, cchs2015_2016_m, cchs2017_2018_m, cchs2019_2020_m, cchs2021_m, cchs2022_m, cchs2023_m, cchs2019_2020_p, cchs2021_p, cchs2022_p, cchs2023_p, cchs2010_m, cchs2012_m, cchs2014_m","cchs2001_p::SMKA_204, cchs2003_p::SMKC_204, cchs2005_p::SMKE_204, cchs2015_2016_p::SMK_045, cchs2017_2018_p::SMK_045, [SMK_204]","smoking","Health behaviour","cigarettes","{recommended:secondary} {sub_subject:intensity} Universe: current daily smokers. Use cigs_per_day for unified daily intensity.",NA,"3.0.0-alpha","2026-01-04","active","Created from variable_details_draft.csv","ICES confirmed",NA
"SMK_208","Cigs/day (former)","Number of cigarettes smoked daily - former daily smokers","Continuous","cchs2001_p, cchs2003_p, cchs2005_p, cchs2007_2008_p, cchs2009_2010_p, cchs2010_p, cchs2011_2012_p, cchs2012_p, cchs2013_2014_p, cchs2014_p, cchs2015_2016_p, cchs2017_2018_p, cchs2009_m, cchs2010_m, cchs2012_m, cchs2001_m, cchs2003_m, cchs2005_m, cchs2007_2008_m, cchs2009_2010_m, cchs2011_2012_m, cchs2013_2014_m, cchs2015_2016_m, cchs2017_2018_m, cchs2019_2020_m, cchs2021_m, cchs2022_m, cchs2023_m, cchs2019_2020_p, cchs2021_p, cchs2022_p, cchs2023_p, cchs2010_m, cchs2012_m, cchs2014_m","cchs2001_p::SMKA_208, cchs2003_p::SMKC_208, cchs2005_p::SMKE_208, cchs2015_2016_p::SMK_075, cchs2017_2018_p::SMK_075, [SMK_208]","smoking","Health behaviour","cigarettes","{recommended:secondary} {sub_subject:intensity} Universe: former daily smokers. Use cigs_per_day for unified daily intensity.",NA,"3.0.0-alpha","2026-01-04","active","Created from variable_details_draft.csv","ICES confirmed",NA
"SMK_05B","Cigs/day (occ)","Number of cigarettes smoked daily - occasional smokers","Continuous","cchs2001_p, cchs2003_p, cchs2005_p, cchs2007_2008_p, cchs2009_2010_p, cchs2010_p, cchs2011_2012_p, cchs2012_p, cchs2013_2014_p, cchs2014_p, cchs2015_2016_p, cchs2017_2018_p, cchs2009_m, cchs2010_m, cchs2012_m, cchs2001_m, cchs2003_m, cchs2005_m, cchs2007_2008_m, cchs2009_2010_m, cchs2011_2012_m, cchs2013_2014_m, cchs2015_2016_m, cchs2017_2018_m, cchs2019_2020_m, cchs2021_m, cchs2022_m, cchs2023_m, cchs2019_2020_p, cchs2021_p, cchs2022_p, cchs2023_p, cchs2010_m, cchs2012_m, cchs2014_m","cchs2001_p::SMKA_05B, cchs2003_p::SMKC_05B, cchs2005_p::SMKE_05B, cchs2015_2016_p::SMK_050, cchs2017_2018_p::SMK_050, [SMK_05B]","smoking","Health behaviour","cigarettes","Universe: current occasional smokers",NA,"3.0.0-alpha","2026-01-04","active","Created from variable_details_draft.csv","ICES confirmed",NA
"SMK_05C","Days smoked/month","Days smoked at least 1 cigarette in past month","Continuous","cchs2001_p, cchs2003_p, cchs2005_p, cchs2007_2008_p, cchs2009_2010_p, cchs2010_p, cchs2011_2012_p, cchs2012_p, cchs2013_2014_p, cchs2014_p, cchs2015_2016_p, cchs2017_2018_p, cchs2009_m, cchs2010_m, cchs2012_m, cchs2001_m, cchs2003_m, cchs2005_m, cchs2007_2008_m, cchs2009_2010_m, cchs2011_2012_m, cchs2013_2014_m, cchs2015_2016_m, cchs2017_2018_m, cchs2019_2020_m, cchs2021_m, cchs2022_m, cchs2023_m, cchs2019_2020_p, cchs2021_p, cchs2022_p, cchs2023_p, cchs2010_m, cchs2012_m, cchs2014_m","cchs2001_p::SMKA_05C, cchs2003_p::SMKC_05C, cchs2005_p::SMKE_05C, cchs2015_2016_p::SMK_055, cchs2017_2018_p::SMK_055, [SMK_05C]","smoking","Health behaviour","days","Universe: current occasional smokers",NA,"3.0.0-alpha","2026-01-04","active","Created from variable_details_draft.csv","ICES confirmed",NA
"pack_years_der","Pack-years","Cumulative smoking exposure in pack-years (derived)","Continuous","cchs2001_p, cchs2003_p, cchs2005_p, cchs2007_2008_p, cchs2009_2010_p, cchs2011_2012_p, cchs2013_2014_p, cchs2015_2016_p, cchs2017_2018_p, cchs2019_2020_p, cchs2021_p, cchs2022_p, cchs2023_p, cchs2001_m, cchs2003_m, cchs2005_m, cchs2007_2008_m, cchs2009_2010_m, cchs2011_2012_m, cchs2013_2014_m, cchs2015_2016_m, cchs2017_2018_m, cchs2019_2020_m, cchs2021_m, cchs2022_m, cchs2023_m","DerivedVar::[SMKDSTY_A, DHHGAGE_cont, SMKG203_cont, SMKG207_cont, SMKG01C_cont, time_quit_smoking, SMK_204, SMK_208, SMK_05B, SMK_05C, SMK_01A]","smoking","Health behaviour","pack-years","{recommended:primary} {sub_subject:pack-years} PUMF uses DHHGAGE_cont/SMKG*_cont (midpoint). Master uses DHH_AGE/SMK_* (true continuous). 2001 available via SMK_09 proxy.","Pack-years of smoking exposure calculated from status, initiation age, intensity, and cessation timing. Formula: (cigarettes_per_day / 20) * years_smoked.","3.0.0-alpha","2026-01-04","active","L5 testing complete (28 tests). Output validated against [0,165] bounds.",NA,NA
"pack_years_cat","Pack-years (5-cat)","Cumulative smoking exposure in pack-years (5-category)","Categorical","cchs2001_p, cchs2003_p, cchs2005_p, cchs2007_2008_p, cchs2009_2010_p, cchs2011_2012_p, cchs2013_2014_p, cchs2015_2016_p, cchs2017_2018_p, cchs2019_2020_p, cchs2021_p, cchs2022_p, cchs2023_p, cchs2001_m, cchs2003_m, cchs2005_m, cchs2007_2008_m, cchs2009_2010_m, cchs2011_2012_m, cchs2013_2014_m, cchs2015_2016_m, cchs2017_2018_m, cchs2019_2020_m, cchs2021_m, cchs2022_m, cchs2023_m","DerivedVar::[pack_years_der]","smoking","Health behaviour","N/A","Categories: 0=Never (0), 1=Light (<10), 2=Moderate (10-20), 3=Heavy (20-30), 4=Very heavy (30+). DEFERRED pending epidemiological review. {recommended:secondary}","Categorical grouping of pack-years for epidemiological analysis.","3.0.0-alpha","2026-01-04","pending","DEFERRED: Category boundaries (0, <10, 10-20, 20-30, 30+) require epidemiological review before activation. Literature shows varying cut-points.",NA,NA
