"variable","label","labelLong","variableType","databaseStart","variableStart","subject","section","units","notes","description","version","lastUpdated","reviewNotes","ICES.confirmation","Observation..MD.","status"
"SMKDVSTP","Yrs quit smoking","Years since quit smoking completely (Master continuous)","Continuous","cchs2003_m, cchs2005_m, cchs2007_2008_m, cchs2009_2010_m, cchs2011_2012_m, cchs2013_2014_m, cchs2015_2016_m, cchs2017_2018_m, cchs2019_2020_m, cchs2021_m, cchs2022_m, cchs2023_m","cchs2003_m::SMKCDSTP, cchs2005_m::SMKEDSTP, cchs2007_2008_m::SMKDSTP, cchs2009_2010_m::SMKDSTP, cchs2011_2012_m::SMKDSTP, cchs2013_2014_m::SMKDSTP, cchs2015_2016_m::SMKDVSTP, cchs2017_2018_m::SMKDVSTP, cchs2019_2020_m::SMKDVSTP, cchs2021_m::SMKDVSTP, cchs2022_m::SMKDVSTP, cchs2023_m::SMKDVSTP","smoking","Health behaviour","years","Universe: former smokers. Master file only. StatCan derived continuous (0-88 years). Not available 2001.","StatCan derived variable for years since completely quit smoking.","3.0.0-alpha","2026-01-05","Split from SMKDSTP 2026-01-05. Master continuous pass-through.",,,"active"
"SMKDGSTP","Yrs quit (P cat)","Years since quit smoking completely (PUMF grouped categorical)","Categorical","cchs2015_2016_p, cchs2017_2018_p","cchs2015_2016_p::SMKDGSTP, cchs2017_2018_p::SMKDGSTP","smoking","Health behaviour","N/A","Universe: former smokers. PUMF 2015+ only. Grouped categories: 0=<1yr, 1=1-2yr, 2=3-5yr, 3=6-10yr, 4=11+yr.","StatCan derived variable grouped for disclosure control.","3.0.0-alpha","2026-01-05","Split from SMKDSTP 2026-01-05. PUMF categorical 2015+ only.",,,"active"
"SMKDGSTP_cont","Yrs quit smoking*","Years since quit smoking completely","Continuous","cchs2007_2008_p, cchs2009_2010_p, cchs2011_2012_p, cchs2013_2014_p, cchs2015_2016_p, cchs2017_2018_p, cchs2003_m, cchs2005_m, cchs2007_2008_m, cchs2009_2010_m, cchs2011_2012_m, cchs2013_2014_m, cchs2015_2016_m, cchs2017_2018_m, cchs2019_2020_m, cchs2021_m, cchs2022_m, cchs2023_m","cchs2007_2008_p::SMKDSTP, cchs2009_2010_p::SMKDSTP, cchs2011_2012_p::SMKDSTP, cchs2013_2014_p::SMKDSTP, cchs2015_2016_p::SMKDGSTP, cchs2017_2018_p::SMKDGSTP, cchs2003_m::SMKCDSTP, cchs2005_m::SMKEDSTP, cchs2007_2008_m::SMKDSTP, cchs2009_2010_m::SMKDSTP, cchs2011_2012_m::SMKDSTP, cchs2013_2014_m::SMKDSTP, cchs2015_2016_m::SMKDVSTP, cchs2017_2018_m::SMKDVSTP, cchs2019_2020_m::SMKDVSTP, cchs2021_m::SMKDVSTP, cchs2022_m::SMKDVSTP, cchs2023_m::SMKDVSTP","smoking","Health behaviour","years","Universe: former smokers. PUMF 2007-2014: pass-through continuous; PUMF 2015+: midpoint from SMKDGSTP; Master: pass-through continuous. Not available 2001, 2003-2005 PUMF.","Unified continuous years since quit. PUMF pre-2015 continuous, PUMF 2015+ midpoint imputed, Master continuous pass-through.","3.0.0-alpha","2026-01-05","Split from SMKDSTP 2026-01-05. Follows 02-initiation _cont pattern.",,,"active"
"SMKG06C","Yrs quit occ","Years since stopped smoking - never daily occasional (PUMF categorical)","Categorical","cchs2003_p, cchs2005_p, cchs2007_2008_p, cchs2009_2010_p, cchs2010_p, cchs2011_2012_p, cchs2012_p, cchs2013_2014_p, cchs2014_p, cchs2019_2020_p, cchs2021_p, cchs2022_p, cchs2023_p","cchs2003_p::SMKCG06C, cchs2005_p::SMKEG06C, [SMKG06C]","smoking","Health behaviour","years","Universe: former occasional (never daily). PUMF categorical.","","3.0.0-alpha","2026-01-04","Added from variable_details_draft.csv",,,"active"
"SMKG09C","Yrs quit daily","Years since stopped smoking daily - former daily (PUMF categorical)","Categorical","cchs2003_p, cchs2005_p, cchs2007_2008_p, cchs2009_2010_p, cchs2010_p, cchs2011_2012_p, cchs2012_p, cchs2013_2014_p, cchs2014_p, cchs2015_2016_p, cchs2017_2018_p, cchs2019_2020_p, cchs2021_p, cchs2022_p, cchs2023_p","cchs2003_p::SMKCG09C, cchs2005_p::SMKEG09C, cchs2015_2016_p::SMKG090, cchs2017_2018_p::SMKG090, [SMKG09C]","smoking","Health behaviour","years","Universe: former daily smokers. PUMF categorical.","","3.0.0-alpha","2026-01-04","Added from variable_details_draft.csv",,,"active"
"SMKG09C_cont","Yrs quit daily","Years since stopped smoking daily - former daily (PUMF continuous derived)","Continuous","cchs2003_p, cchs2005_p, cchs2007_2008_p, cchs2009_2010_p, cchs2010_p, cchs2011_2012_p, cchs2012_p, cchs2013_2014_p, cchs2014_p, cchs2015_2016_p, cchs2017_2018_p, cchs2019_2020_p, cchs2021_p, cchs2022_p, cchs2023_p","cchs2003_p::SMKCG09C, cchs2005_p::SMKEG09C, cchs2015_2016_p::SMKG090, cchs2017_2018_p::SMKG090, [SMKG09C]","smoking","Health behaviour","years","Universe: former daily smokers. PUMF continuous derived. {recommended:secondary}","","3.0.0-alpha","2026-01-04","Added from variable_details_draft.csv",,,"active"
"SMK_06A_A","Quit time occ (A)","When stopped smoking - never daily occasional (pre-2015 categorical)","Categorical","cchs2001_p, cchs2001_m, cchs2019_2020_p, cchs2021_p, cchs2022_p, cchs2023_p, cchs2010_m, cchs2012_m, cchs2014_m","[SMKA_06A]","smoking","Health behaviour","N/A","Universe: former occasional (never daily). Pre-2015 categorical.","","3.0.0-alpha","2026-01-04","Added from variable_details_draft.csv",,,"active"
"SMK_06A_B","Quit time occ (B)","When stopped smoking - never daily occasional (2015+ categorical)","Categorical","cchs2003_p, cchs2005_p, cchs2007_2008_p, cchs2009_2010_p, cchs2010_p, cchs2011_2012_p, cchs2012_p, cchs2013_2014_p, cchs2014_p, cchs2015_2016_p, cchs2017_2018_p, cchs2003_m, cchs2005_m, cchs2007_2008_m, cchs2009_2010_m, cchs2011_2012_m, cchs2013_2014_m, cchs2015_2016_m, cchs2017_2018_m, cchs2019_2020_m, cchs2021_m, cchs2023_m, cchs2019_2020_p, cchs2021_p, cchs2022_p, cchs2023_p, cchs2010_m, cchs2012_m, cchs2014_m","cchs2003_p::SMKC_06A, cchs2005_p::SMKE_06A, cchs2015_2016_p::SMK_060, cchs2017_2018_p::SMK_060, cchs2003_m::SMKC_06A, cchs2005_m::SMKE_06A,  cchs2015_2016_m::SMK_060, cchs2017_2018_m::SMK_060, cchs2019_2020_m::SMK_060, cchs2021_m::SMK_060, cchs2023_m::SPU_10, [SMK_06A]","smoking","Health behaviour","N/A","Universe: former occasional (never daily). 2015+ categorical.","","3.0.0-alpha","2026-01-04","Added from variable_details_draft.csv",,,"active"
"SMK_06A_cont","Yrs quit (occ)","Years since stopped smoking (former occasional smokers, continuous)","Continuous","cchs2001_p, cchs2003_p, cchs2005_p, cchs2007_2008_p, cchs2009_2010_p, cchs2011_2012_p, cchs2013_2014_p, cchs2015_2016_p, cchs2017_2018_p, cchs2001_m, cchs2003_m, cchs2005_m, cchs2007_2008_m, cchs2009_2010_m, cchs2011_2012_m, cchs2013_2014_m, cchs2015_2016_m, cchs2017_2018_m, cchs2019_2020_m, cchs2021_m, cchs2023_m","cchs2001_p::SMKA_06A, cchs2001_m::SMKA_06A, cchs2003_p::SMKC_06A, cchs2003_m::SMKC_06A, cchs2005_p::SMKE_06A, cchs2005_m::SMKE_06A, cchs2015_2016_p::SMK_060, cchs2015_2016_m::SMK_060, cchs2017_2018_p::SMK_060, cchs2017_2018_m::SMK_060, cchs2019_2020_m::SMK_060, cchs2021_m::SMK_060, cchs2023_m::SPU_10, [SMK_06A]","smoking","Health behaviour","years","Universe: former occasional smokers. Converts categorical SMK_06A/SPU_10 to pseudo-continuous using midpoint. Not available 2022 (no categorical - uses SPU_10A/B month/year). Use SMKDVSTP for 2022.","Pseudo-continuous years since stopped smoking for former occasional smokers. Derived from categorical using midpoint conversion.","3.0.0-alpha","2026-01-11","Removed cchs2022_m - 2022 uses month/year (SPU_10A/B) not categorical. Added cchs2023_m::SPU_10.",,,"active"
"SMK_06C","Yrs quit occ","Years since stopped smoking - never daily occasional (Master continuous)","Continuous","cchs2009_m, cchs2010_m, cchs2012_m, cchs2003_m, cchs2005_m, cchs2007_2008_m, cchs2009_2010_m, cchs2010_m, cchs2011_2012_m, cchs2012_m, cchs2013_2014_m, cchs2014_m","[SMK_06C]","smoking","Health behaviour","years","Universe: former occasional (never daily). Master file continuous.","","3.0.0-alpha","2026-01-04","Added from variable_details_draft.csv",,,"active"
"SMK_09A","Quit time daily","When stopped smoking daily - former daily","Categorical","cchs2001_m, cchs2010_m, cchs2012_m, cchs2014_m","cchs2001_p::SMKA_09A","smoking","Health behaviour","N/A","Universe: former daily smokers. Raw pass-through.","","3.0.0-alpha","2026-01-04","Added from variable_details_draft.csv",,,"active"
"SMK_09A_A","Quit time daily (A)","When stopped smoking daily - former daily (pre-2015 categorical)","Categorical","cchs2001_p, cchs2001_m, cchs2019_2020_p, cchs2021_p, cchs2022_p, cchs2023_p, cchs2010_m, cchs2012_m, cchs2014_m","cchs2001_p::SMKA_09A, cchs2001_m::SMKA_09A","smoking","Health behaviour","N/A","Universe: former daily smokers. Pre-2015 categorical.","","3.0.0-alpha","2026-01-04","Added from variable_details_draft.csv",,,"active"
"SMK_09A_B","Quit time daily (B)","When stopped smoking daily - former daily (2015+ categorical)","Categorical","cchs2003_p, cchs2005_p, cchs2007_2008_p, cchs2009_2010_p, cchs2010_p, cchs2011_2012_p, cchs2012_p, cchs2013_2014_p, cchs2014_p, cchs2015_2016_p, cchs2017_2018_p, cchs2009_m, cchs2010_m, cchs2012_m, cchs2003_m, cchs2005_m, cchs2007_2008_m, cchs2009_2010_m, cchs2011_2012_m, cchs2013_2014_m, cchs2015_2016_m, cchs2017_2018_m, cchs2019_2020_m, cchs2021_m, cchs2023_m, cchs2019_2020_p, cchs2021_p, cchs2022_p, cchs2023_p, cchs2010_m, cchs2012_m, cchs2014_m","cchs2003_p::SMKC_09A, cchs2005_p::SMKE_09A, cchs2015_2016_p::SMK_080, cchs2017_2018_p::SMK_080, cchs2003_m::SMKC_09A, cchs2005_m::SMKE_09A, cchs2015_2016_m::SMK_080, cchs2017_2018_m::SMK_080, cchs2017_2018_m::SMK_080, cchs2019_2020_m::SMK_080, cchs2021_m::SMK_080, cchs2023_m::SPU_25, [SMK_09A]","smoking","Health behaviour","N/A","Universe: former daily smokers. 2015+ categorical.","","3.0.0-alpha","2026-01-04","Added from variable_details_draft.csv",,,"active"
"SMK_09A_cont","Yrs quit daily","Years since stopped smoking daily - former daily (continuous derived)","Continuous","cchs2001_p, cchs2003_p, cchs2005_p, cchs2007_2008_p, cchs2009_2010_p, cchs2011_2012_p, cchs2013_2014_p, cchs2015_2016_p, cchs2017_2018_p, cchs2001_m, cchs2003_m, cchs2005_m, cchs2007_2008_m, cchs2009_2010_m, cchs2011_2012_m, cchs2013_2014_m, cchs2015_2016_m, cchs2017_2018_m, cchs2019_2020_m, cchs2021_m, cchs2023_m","cchs2001_p::SMKA_09A, cchs2001_m::SMKA_09A, cchs2003_p::SMKC_09A, cchs2003_m::SMKC_09A, cchs2005_p::SMKE_09A, cchs2005_m::SMKE_09A, cchs2015_2016_p::SMK_080, cchs2015_2016_m::SMK_080, cchs2017_2018_p::SMK_080, cchs2017_2018_m::SMK_080, cchs2019_2020_m::SMK_080, cchs2021_m::SMK_080, cchs2023_m::SPU_25, [SMK_09A]","smoking","Health behaviour","years","Universe: former daily smokers. Converts categorical SMK_09A/SPU_25 to pseudo-continuous using midpoint. Not available 2022 (no categorical source - use SMKDVSTP). PUMF 2003-2018 also has grouped SMKG09C.","Pseudo-continuous years since stopped smoking daily for former daily smokers. Derived from categorical using midpoint conversion.","3.0.0-alpha","2026-01-11","Removed cchs2022_m - 2022 has no categorical quit timing (only SPU_25A/B month/year). Use SMKDVSTP for 2022.",,,"active"
"SMK_09C","Yrs quit daily","Years since stopped smoking daily - former daily (Master continuous)","Continuous","cchs2003_m, cchs2005_m, cchs2007_2008_m, cchs2009_2010_m, cchs2011_2012_m, cchs2013_2014_m, cchs2015_2016_m, cchs2017_2018_m, cchs2019_2020_m, cchs2021_m","cchs2003_m::SMKC_09C, cchs2005_m::SMKE_09C, [SMK_09C]","smoking","Health behaviour","years","Universe: former daily smokers. Master file continuous. Not available 2001. For 2022+ use SMKDVSTP.","","3.0.0-alpha","2026-01-11","Fixed: Removed 2022_m (uses SMKDVSTP not SMK_09C). Corrected variableStart to use raw SMK_09C.",,,"active"
"SMK_10A_cont","Yrs quit (reducer)","Years since quit completely (former daily who continued occasional, continuous)","Continuous","cchs2003_p, cchs2005_p, cchs2007_2008_p, cchs2009_2010_p, cchs2011_2012_p, cchs2013_2014_p, cchs2015_2016_p, cchs2017_2018_p, cchs2003_m, cchs2005_m, cchs2007_2008_m, cchs2009_2010_m, cchs2011_2012_m, cchs2013_2014_m, cchs2015_2016_m, cchs2017_2018_m, cchs2019_2020_m, cchs2021_m, cchs2023_m","cchs2003_p::SMKC_10A, cchs2003_m::SMKC_10A, cchs2005_p::SMKE_10A, cchs2005_m::SMKE_10A, cchs2015_2016_p::SMK_100, cchs2015_2016_m::SMK_100, cchs2017_2018_p::SMK_100, cchs2017_2018_m::SMK_100, cchs2019_2020_m::SMK_100, cchs2021_m::SMK_100, cchs2023_m::SPU_35, [SMK_10A]","smoking","Health behaviour","years","Universe: former daily who continued occasional. Converts categorical SMK_10A/SPU_35 to pseudo-continuous using midpoint. Not available 2001, 2022 (no categorical - uses SPU_35A/B month/year). Use SMKDVSTP for 2022.","Pseudo-continuous years since quit completely for former daily who reduced to occasional. Derived from categorical using midpoint conversion.","3.0.0-alpha","2026-01-11","Removed cchs2022_m - 2022 uses month/year (SPU_35A/B) not categorical. Added cchs2023_m::SPU_35.",,,"active"
"SMK_10_gate","Quit gate","Quit completely when stopped daily (gate variable)","Categorical","cchs2003_p, cchs2005_p, cchs2007_2008_p, cchs2009_2010_p, cchs2011_2012_p, cchs2013_2014_p, cchs2015_2016_p, cchs2017_2018_p, cchs2003_m, cchs2005_m, cchs2007_2008_m, cchs2009_2010_m, cchs2011_2012_m, cchs2013_2014_m, cchs2015_2016_m, cchs2017_2018_m, cchs2019_2020_m, cchs2021_m, cchs2022_m, cchs2023_m","cchs2003_p::[SMKC_10], cchs2005_p::[SMKE_10], cchs2007_2008_p::[SMK_10], cchs2009_2010_p::[SMK_10], cchs2011_2012_p::[SMK_10], cchs2013_2014_p::[SMK_10], cchs2015_2016_p::[SMK_095], cchs2017_2018_p::[SMK_095], cchs2003_m::[SMKC_10], cchs2005_m::[SMKE_10], cchs2007_2008_m::[SMK_10], cchs2009_2010_m::[SMK_10], cchs2011_2012_m::[SMK_10], cchs2013_2014_m::[SMK_10], cchs2015_2016_m::[SMK_095], cchs2017_2018_m::[SMK_095], cchs2019_2020_m::[SMK_095], cchs2021_m::[SMK_095], cchs2022_m::[SPU_30], cchs2023_m::[SPU_30]","smoking","Health behaviour","N/A","Universe: former daily smokers. Gate for quit pathway: 1=quit when stopped daily, 2=continued occasional. Not available 2001.","Determines if respondent quit completely when they stopped daily smoking or continued occasional smoking.","3.0.0-alpha","2026-01-04","Labels updated 2026-01-04. Universe context added.",,,"active"
"quit_pathway","Quit pathway","Smoking cessation pathway (direct, gradual, or former occasional)","Categorical","cchs2003_p, cchs2005_p, cchs2007_2008_p, cchs2009_2010_p, cchs2011_2012_p, cchs2013_2014_p, cchs2015_2016_p, cchs2017_2018_p, cchs2003_m, cchs2005_m, cchs2007_2008_m, cchs2009_2010_m, cchs2011_2012_m, cchs2013_2014_m, cchs2015_2016_m, cchs2017_2018_m, cchs2019_2020_m, cchs2021_m, cchs2022_m, cchs2023_m","DerivedVar::[SMKDSTY_cat5, SMK_10_gate]","smoking","Health behaviour","N/A","Derived from SMKDSTY_cat5 and SMK_10_gate. Not available 2001 (no SMK_10_gate). {recommended:secondary}","Categorical indicator: 1=direct quit (quit when stopped daily), 2=gradual quit (continued occasional then quit), 3=former occasional (never daily)","3.0.0-alpha","2026-01-04","Labels updated 2026-01-04",,,"active"
"time_quit_smoking","Yrs quit smoking*","Years since quit smoking","Continuous","cchs2001_p, cchs2003_p, cchs2005_p, cchs2007_2008_p, cchs2009_2010_p, cchs2011_2012_p, cchs2013_2014_p, cchs2015_2016_p, cchs2017_2018_p, cchs2019_2020_p, cchs2001_m, cchs2003_m, cchs2005_m, cchs2007_2008_m, cchs2009_2010_m, cchs2011_2012_m, cchs2013_2014_m, cchs2015_2016_m, cchs2017_2018_m, cchs2019_2020_m, cchs2021_m, cchs2022_m, cchs2023_m","DerivedVar::[SMK_09A_cont, SMK_06A_cont, SMKDVSTP]","smoking","Health behaviour","years","{recommended:primary} {sub_subject:cessation} Universe: all former smokers. Routes: PUMF uses SMK_09A_cont/SMK_06A_cont (midpoint-converted); Master 2003+ uses SMKDVSTP (StatCan derived continuous).","Unified continuous years since quit smoking. PUMF: midpoint from categorical; Master: SMKDVSTP pass-through.","3.0.0-alpha","2026-01-11","Fixed: Changed SPU_25 to SMKDVSTP for Master 2022/2023 (SPU_25 is categorical, SMKDVSTP is continuous).",,,"active"
"SMK_10A_A","Quit time reducer (A)","When quit completely - former daily continued occasional (pre-2015 categorical)","Categorical","cchs2003_p, cchs2003_m, cchs2005_p, cchs2005_m, cchs2007_2008_p, cchs2007_2008_m, cchs2009_2010_p, cchs2009_2010_m, cchs2011_2012_p, cchs2011_2012_m, cchs2013_2014_p, cchs2013_2014_m","cchs2003_p::SMKC_10A, cchs2005_p::SMKE_10A, cchs2003_m::SMKC_10A, cchs2005_m::SMKE_10A, [SMK_10A]","smoking","Health behaviour","N/A","Universe: former daily who continued occasional. Pre-2015 categorical (4 categories). Not available 2001.","","3.0.0-alpha","2026-01-05","Split from SMK_10A_cat 2026-01-05",,,"active"
"SMK_10A_B","Quit time reducer (B)","When quit completely - former daily continued occasional (2015+ categorical)","Categorical","cchs2015_2016_p, cchs2017_2018_p, cchs2015_2016_m, cchs2017_2018_m, cchs2019_2020_m, cchs2021_m, cchs2023_m","cchs2015_2016_p::SMK_100, cchs2017_2018_p::SMK_100, cchs2015_2016_m::SMK_100, cchs2017_2018_m::SMK_100, cchs2019_2020_m::SMK_100, cchs2021_m::SMK_100, cchs2023_m::SPU_35","smoking","Health behaviour","N/A","Universe: former daily who continued occasional. 2015+ categorical (4 categories). Not available 2001, 2022.","","3.0.0-alpha","2026-01-05","Split from SMK_10A_cat 2026-01-05",,,"active"
